uuid,total_edges,horizontal_edges,sloped_edges,ridge_or_hip_edges,eave_edges,isolated_horizontal_edges,pipeline_oblique_clusters,pipeline_oblique_surfaces,ridge_minus_clusters
016980bc-6762-4022-bfbf-17df4112e10c,135,97,38,27,49,21,2,1,25
019e1376-9762-42d6-8520-b664b8c752df,103,62,41,22,33,7,2,2,20
0430ebc2-236b-4b5d-991f-3e97ad246b78,36,36,0,0,28,8,0,0,0
05cecad4-119e-4dd2-beaf-d4af36973644,42,40,2,2,28,10,1,0,1
0a5032e9-85a0-4970-9143-c430bbdaa0f5,58,50,8,2,35,13,2,2,0
0b75d30e-c50c-4fc6-88ff-fce983078aa4,113,60,53,19,22,19,3,2,16
0ce3ac3a-93ce-4ac0-9704-3cf7d31a636d,46,36,10,2,26,8,0,0,2
0d3f2993-8386-4130-8f1c-b2938c410828,212,145,67,40,60,45,5,3,35
0f911051-6084-4f0d-8f9a-24fc5b20f6ff,75,73,2,0,40,33,0,0,0
0fe789ce-e653-4828-863c-0f6ce7fee21d,119,74,45,20,40,14,2,2,18
107e8496-9bff-42bb-b776-720f44b70e55,38,33,5,0,28,5,1,1,-1
10d27382-8fce-456b-897d-3d5194ff5de5,49,49,0,0,34,15,0,0,0
117d172e-00d6-436e-8df2-050f25977602,200,106,94,46,34,26,2,2,44
121ff4c2-ec13-46b8-b557-b31775259e5d,34,32,2,0,27,5,1,0,-1
146ecf8b-ffa1-4239-ba58-040b61861fd9,93,53,40,18,29,6,4,4,14
16784bad-2cd9-4f4c-bb26-60355981cfe2,163,101,62,45,33,23,4,4,41
1825a812-09d0-4407-9265-182a07053cfc,70,64,6,2,36,26,0,0,2
1900be91-8684-4316-98e2-c4fef6e6296f,262,137,125,49,51,37,3,2,46
191e11c0-fd47-489c-9e3d-c8072713a761,39,39,0,0,27,12,0,0,0
193c3c70-2271-4c42-ab2c-586e1d64d4cb,34,34,0,0,25,9,0,0,0
19459014-f39b-4bf6-945e-c5b50930dea3,90,73,17,10,47,16,2,2,8
19bf6498-09eb-4c62-8fc8-8623942351ba,43,43,0,0,33,10,0,0,0
1a453338-ca2e-49d0-9bd2-da33c07fd348,46,46,0,0,30,16,0,0,0
1d26eda3-c927-4cdf-a3b0-218036828a55,188,118,70,34,55,29,3,3,31
1f03f6e0-dfe6-4b25-bb45-f44ad146c0a3,597,320,277,107,92,121,9,2,98
21af2a12-2a29-44b5-b703-fbaa208996e9,136,93,43,26,56,11,3,3,23
2388d90c-8cc9-4cca-b232-d658e184074d,115,99,16,8,65,26,2,2,6
23cbb422-ada0-454d-8f91-30888256960d,62,48,14,4,34,10,0,0,4
24e8aaa7-ec15-4a72-be5f-c67b95a53411,49,49,0,0,35,14,0,0,0
287808db-3826-4351-b9a1-6f9831bdc870,145,95,50,22,45,28,2,2,20
294c5209-06ff-47ae-841b-e7e973b3699e,36,32,4,0,25,7,0,0,0
29865ccb-e7e8-4ad6-a01c-d632f20761b7,74,58,16,10,37,11,2,2,8
29a9cb5c-e7e7-4a01-b8ed-b2a2dd0edd2a,49,43,6,6,26,11,0,0,6
2d80b27f-ca29-4b3e-9197-ad3c4af7cbfb,57,47,10,2,26,19,0,0,2
2de0ff98-b554-446b-a501-b9fab4577f5a,52,52,0,0,31,21,0,0,0
2df1d2ed-54c9-41e9-9ed8-c4110e3868e0,42,42,0,0,34,8,0,0,0
2ea3b759-e047-424c-8034-f8ee5b811fb4,62,62,0,0,43,19,0,0,0
2f382701-addb-48a5-8749-0e8e7f988a10,148,109,39,18,54,37,2,2,16
3297bc28-5d39-4358-bd2e-0f1183cae489,173,115,58,26,55,34,6,2,20
36f034dc-17ec-4e9d-9ec0-e8b0139201c8,72,64,8,4,43,17,0,0,4
37e9355f-29a7-4303-abae-240c55df13e4,73,59,14,0,40,19,0,0,0
38158927-652c-4d01-9aa3-770956648d85,59,47,12,4,36,7,2,2,2
38f71f1d-2c71-4fcd-9997-83b2914416b0,129,95,34,22,34,39,2,2,20
3a034c99-8986-4749-aedb-0a5a04ea803f,68,56,12,10,37,9,2,2,8
3a576e1b-4b3e-4f5d-8c20-b39b157fcf03,151,103,48,24,38,41,2,2,22
3c74f488-a562-4bc4-9d7a-3f707fe85133,291,203,88,48,92,63,3,2,45
3e378d10-6d7f-451c-b5e8-705731e6f37e,128,59,69,26,27,6,3,2,23
3ee81b85-a21f-4f55-a100-5995f36f84f9,42,40,2,0,29,11,1,1,-1
43674d8e-302d-4915-878f-f50d2d9f8d1b,46,46,0,0,36,10,0,0,0
45b933f5-4f12-488c-b77a-065cf3c2d719,53,53,0,0,34,19,0,0,0
466d0aa8-7021-4825-8f7b-b954c824c13a,133,105,28,14,34,57,2,2,12
46ea557e-3151-43d2-b72b-f212290516cc,57,49,8,6,34,9,0,0,6
494a97c4-ab7e-4021-9345-c46fecfd1d67,92,80,12,6,43,31,0,0,6
4fe068d2-f39e-47ed-8c15-35b6396862bf,86,73,13,12,38,23,0,0,12
513a4b03-cfb1-4221-99ff-d9b7d1e1d3f6,50,40,10,8,24,8,2,2,6
52f91e67-3891-4729-8bf3-be2c0a6a0d04,381,190,191,82,74,34,2,2,80
53ba9e35-1aeb-43e2-87d2-27be83b949f5,40,40,0,0,30,10,0,0,0
53c380e7-407e-48f7-8c72-b449e2334798,86,68,18,22,17,29,2,2,20
56108837-05d5-4fe4-bfd5-aec6b649d825,46,42,4,2,30,10,2,1,0
573ee2ba-67b9-4bb0-b4ba-47015d09377c,28,28,0,0,25,3,0,0,0
5831141f-829c-4adb-9bae-289c2140c72d,145,92,53,30,46,16,5,2,25
59b505e7-b384-451b-90b1-80f2654dd10d,251,168,83,40,66,62,4,4,36
5a97cb51-78cd-40c7-9dd5-423bdea306a6,54,47,7,6,33,8,2,2,4
5c557e06-393e-466e-a957-f7391b76b8ff,94,49,45,5,24,20,3,3,2
5ecc6e8c-228b-4167-9331-de247c802320,184,99,85,24,46,29,2,2,22
60f2f02b-8910-461c-879a-75925d256989,116,82,34,14,32,36,3,3,11
60fa343a-d19a-4d18-b939-33b80e790be6,128,90,38,18,52,20,0,0,18
612d1bc8-dbed-47cb-aef5-3e64964ccc04,52,52,0,0,37,15,0,0,0
6203a969-742b-4935-bc4d-8eae644b8f73,66,61,5,4,42,15,2,2,2
66a72e63-8b3c-4e57-977b-32f5119a9d09,272,174,98,52,60,62,2,2,50
670a8030-c451-4e80-badd-6702cef02a03,148,99,49,28,55,16,2,2,26
6c29deb7-51e6-437d-bfe4-0eb83e559881,208,122,86,32,55,35,3,2,29
6e8a252f-fc38-4ffa-8691-3f43938a0a16,54,54,0,0,35,19,0,0,0
7153d532-16c1-45e8-b7c9-f5cd1ba5cc85,196,126,70,29,43,54,4,4,25
71ee522c-1e78-411f-b3ce-33d59516038f,93,66,27,15,31,20,2,2,13
720c2f50-9586-47b5-b27c-130214cd8b5d,123,85,38,22,45,18,4,4,18
72122129-7ee2-4a14-a645-23d44df3d2b5,141,121,20,15,82,24,2,2,13
73465f84-d5f5-4b84-8509-0e818beb5ecd,105,83,22,14,39,30,1,1,13
73c1d779-2257-4e39-838a-5b026bca2401,69,67,2,2,40,25,0,0,2
777b25c6-42e6-40d3-a0a4-aaafdd23842e,82,52,30,12,32,8,2,2,10
7791ff1d-7641-4da1-8380-1773d30a7bcc,48,48,0,0,27,21,0,0,0
795ceae3-b6ef-42bc-bd48-9b69f06e9de6,57,53,4,4,33,16,1,1,3
7cabc39b-6328-4a6e-9491-822fa6b3c3fb,59,36,23,2,24,10,4,4,-2
7dbc53a6-17e8-4806-83de-42286b95726c,379,203,176,73,66,64,3,2,70
7e42a701-1f0a-451a-8229-05f581454979,64,64,0,0,45,19,0,0,0
85b7d943-95c9-4937-af42-121f705ed3e0,44,44,0,0,29,15,0,0,0
873952bc-1159-43dd-b4bd-6535a55c57cf,143,75,68,27,28,20,2,2,25
893d4535-3169-4907-a93a-b3ab8f66ec1c,161,102,59,30,43,29,3,3,27
8ab161a4-c958-49c9-8ca8-7a997292d52f,45,38,7,0,36,2,0,0,0
8b723372-749f-4992-a044-d62bb99b84cc,100,62,38,16,34,12,2,2,14
8e7e69b2-e1db-4482-8f21-93be6904a5f1,92,71,21,2,51,18,1,1,1
8fc0de5f-99be-4295-b529-d389a4670a8f,35,35,0,0,29,6,0,0,0
90683bb0-28ca-42a8-82b8-09d82cd434d5,98,49,49,17,30,2,2,2,15
91f66e67-37e3-4cc9-9815-a4ce71c56a0a,40,40,0,0,31,9,0,0,0
938d6ed6-d916-462b-ba37-f421feb2af21,150,144,6,0,68,76,1,0,-1
940c5969-1037-4f02-810b-6d4c89b0582b,31,31,0,0,26,5,0,0,0
9419424d-2dd9-4dd2-a9d9-e029e32c1f28,112,82,30,24,48,10,1,1,23
945b16b9-0ebf-409e-af08-aab7672801d2,52,38,14,0,29,9,1,1,-1
964a40ac-d9df-44e1-b64b-84e02b909004,59,53,6,2,39,12,1,0,1
97571caa-1065-4ac5-a385-2ec9758026dd,128,67,61,6,33,28,2,2,4
9829323a-4939-45bf-ae66-b950b18ddf52,46,33,13,2,21,10,0,0,2
98472f6b-45bc-4814-a4b8-914f8f6976dd,87,43,44,2,28,13,2,2,0
992198d7-4dfe-4ecd-9fa0-b66fa6cac3fd,87,72,15,8,51,13,2,2,6
9bb4ada4-60fb-4ab0-8e05-de49acc92623,51,49,2,0,33,16,1,1,-1
9bc73438-328e-440e-a4be-25efa61d3b7c,102,65,37,6,50,9,1,1,5
9bdc330e-6144-499b-9c70-3fc6f0c4ebf3,89,89,0,0,58,31,0,0,0
9c07bf97-56cd-4d82-a99d-00809d1d8537,56,56,0,0,37,19,0,0,0
9c42b8bc-b55c-427b-b695-9d073c5f8a75,243,166,77,44,64,58,2,2,42
9c80d7ae-2804-4b2f-83bb-544927398846,109,101,8,4,59,38,0,0,4
9dce7b8f-036f-42bb-9645-a1b5cc17fbd1,63,53,10,4,33,16,1,1,3
a085ad69-b4d4-4296-bc5e-731a0cceec5e,54,50,4,0,29,21,0,0,0
a1ac389f-7406-4ddf-a270-d9a5e72dbf51,130,90,40,14,62,14,1,1,13
a317a543-06cf-4f1b-97d2-139c26c1cb13,299,192,107,58,64,70,2,2,56
a3997c27-0367-483e-a462-64847105997d,46,46,0,0,35,11,0,0,0
a430ffa9-a314-4352-8b54-dfbd04634861,119,90,29,12,45,33,2,2,10
a443b86f-c86a-47a7-abef-0a56893c99b0,119,89,30,18,47,24,1,1,17
a492a5d6-ab9f-4b1e-bbfe-4762c1370a40,118,77,41,19,40,18,3,3,16
a4d6eef3-6107-45a3-bd37-3cf2ef4e9efb,61,55,6,4,38,13,1,1,3
a8a3b04b-42d0-4468-8b3a-5e2135b9313b,50,50,0,0,34,16,0,0,0
a8aca518-ee19-4cef-8df9-1b574c2d43d1,151,95,56,17,52,26,3,2,14
aa047931-2b45-497d-a093-f637a2934699,88,84,4,4,49,31,0,0,4
ad2243cf-dac2-4f43-aa8d-37d50dc46a33,42,42,0,0,31,11,0,0,0
b01824fc-be43-451f-bc6e-aaab701c144d,60,54,6,2,36,16,0,0,2
b4f7407a-5941-4165-947a-a726dc432c69,38,38,0,0,28,10,0,0,0
b53c11aa-8db7-4aad-a24d-3ffa9eeff5de,134,95,39,20,40,35,2,2,18
b65126ae-ccca-4032-876f-e9c1c059862c,131,82,49,16,50,16,4,4,12
b8782b87-5800-42dd-8926-07d8f11cafc0,52,52,0,0,37,15,0,0,0
b8cefbc4-bb4e-4d53-be56-990780166cae,279,160,119,49,71,40,2,2,47
b8def755-9829-4141-8ecb-3e71ef446d0d,164,91,73,23,48,20,5,2,18
b8f923d9-dc6a-4cc2-b99c-b98bb7d01f57,34,16,18,4,12,0,0,0,4
b9575f6d-aa02-4540-ba49-d8e823a41067,46,46,0,0,31,15,0,0,0
bad532ea-75de-411a-a390-77f4d6a93ff8,197,106,91,30,51,25,2,2,28
bb00df25-e7be-420e-8ad1-1f9be60a4c4a,85,75,10,10,37,28,1,1,9
bc2779a4-d0a2-4ba8-abbf-10129d3f82de,217,140,77,27,64,49,3,2,24
bfd05652-9331-4260-886d-1b6779ee1bfa,103,95,8,7,52,36,1,1,6
c001b1ca-ea07-472d-b888-6ab457d4e7d9,55,51,4,2,40,9,0,0,2
c2800052-b0e7-4c30-a881-f813cb0b2043,132,95,37,25,49,21,1,0,24
c3ddcac0-827d-48dc-9223-4b219d874fa5,74,64,10,6,38,20,1,1,5
c72ad855-9e52-46f1-886d-a9f37911521f,73,56,17,10,34,12,3,2,7
c7898e89-b45b-47f3-96b7-8c1fa96ef9fd,100,47,53,16,15,16,2,2,14
c7f2456f-91fe-4aaa-a9ba-d886ec8e0648,60,58,2,0,36,22,0,0,0
c814dd8d-190b-4da2-ae80-d41c71e2b797,38,38,0,0,28,10,0,0,0
c87c1e25-ff00-44ec-b823-b0966c81af70,144,98,46,20,58,20,2,2,18
c9a43a7c-7171-484c-ac98-54f9ba59b6e6,135,110,25,19,56,35,2,2,17
cf982769-994b-4193-a621-91d46d1a3344,122,59,63,22,28,9,3,1,19
d28b528a-475b-4ac0-a38d-ee992cd877db,335,178,157,51,48,79,3,1,48
d32d5562-5763-4c71-a816-6732c638fa6a,103,73,30,12,31,30,2,2,10
d4665def-0566-4ccc-aa62-8d562ec6e424,28,28,0,0,22,6,0,0,0
d683f65d-ad08-4f69-ab23-dbd7ec1bcaed,107,96,11,4,55,37,2,2,2
d7f1aa19-5ca9-4e1b-ac1a-c86d63f9ede7,28,28,0,0,22,6,0,0,0
d8308bfc-c2c1-42bd-8503-282571708b8c,118,87,31,8,57,22,3,2,5
d904fdad-775d-4382-ba44-a4289889745e,47,47,0,0,35,12,0,0,0
d928da15-65c0-490c-84df-613a196930f0,39,39,0,0,33,6,0,0,0
d98923f0-3373-4d3c-ba03-c0df5d8b29d8,42,42,0,0,29,13,0,0,0
dd4ba0e6-c9e0-444f-b815-9ad921cd3b87,90,67,23,16,47,4,0,0,16
df1f5f4f-8801-4d5d-9c64-f0ea8e1ce027,36,36,0,0,28,8,0,0,0
dfb88995-ff0a-4025-878b-b544364f8e92,116,85,31,28,32,25,2,2,26
e0155eef-34a5-4642-bca6-39b83ee42af1,255,159,96,54,75,30,4,4,50
e01a968a-24dd-4ca3-b46f-5aff03b1779f,39,39,0,0,28,11,0,0,0
e028bcc5-73ee-45f9-924b-d7badbc66caf,198,118,80,23,57,38,3,3,20
e0796748-79fd-40ae-be1f-e5977a9fe1e5,81,73,8,4,44,25,0,0,4
e496ca55-bafb-4b8b-b3f1-5f6fb5ae8c7e,180,142,38,29,76,37,2,2,27
e4fe9821-2270-4d23-bc74-703743b5d282,69,67,2,2,37,28,0,0,2
e5adc187-70eb-4828-aa90-5fe3c46dfbce,89,70,19,13,27,30,3,3,10
e721a943-1c4f-4bd6-b8a3-f9558de79921,39,37,2,0,29,8,1,1,-1
e7452ac7-517e-4321-9201-d52bf7f0cae9,87,70,17,0,48,22,1,1,-1
e93694c4-b9a9-4184-ab47-4d0d0a8504b2,46,44,2,2,32,10,1,1,1
e9a5d5e2-17c8-4879-89f2-f6a3af5cfd38,38,38,0,0,28,10,0,0,0
e9dddee6-297a-43f5-b862-90091889ea39,218,146,72,49,50,47,2,2,47
e9f0631f-ae34-4d30-af21-d3369327755f,282,172,110,42,70,60,6,3,36
ebd94f02-abc2-476d-8bf9-9bdfbc2a58dd,73,73,0,0,47,26,0,0,0
ebded652-9e37-4267-992a-8b575c9e1016,50,50,0,0,38,12,0,0,0
ed5231c3-375e-426e-b341-62f6d2b0b3f5,52,33,19,0,27,6,1,1,-1
ed646d77-0d2b-4d72-b20d-be6aac6aa669,104,104,0,0,63,41,0,0,0
ed89b2f2-38dd-455f-a3df-13d92cdc1f8b,42,42,0,0,26,16,0,0,0
eda4954e-036f-4e74-817f-23ce2d309aa3,36,36,0,0,27,9,0,0,0
ef522d94-2279-4b9e-bd8f-90bb37043910,56,56,0,0,43,13,0,0,0
f16973df-10b9-4369-9f0d-dd295a34d970,58,51,7,4,34,13,0,0,4
f40dcc9f-b97b-4bef-8b40-ba011aabf0bd,42,42,0,0,31,11,0,0,0
f46b4d89-ae67-405c-af8b-eb7396b06ef8,130,84,46,25,45,14,2,2,23
f919a443-ea71-4391-9bcb-bff1cf08c45d,50,50,0,0,31,19,0,0,0
f932e0d3-b002-4f89-97e7-ec54d4703506,127,101,26,22,49,30,2,2,20
fb279aa5-092f-4146-83ff-b557415e7ba4,77,55,22,12,31,12,3,3,9
fc46b0be-a3aa-4a28-820c-a16691bcdd61,42,42,0,0,32,10,0,0,0
fd6ee1a7-7243-4c9b-ad7a-5d146b7f8706,52,52,0,0,37,15,0,0,0
fe829d59-c9f1-4194-a40b-39600a4f27b6,140,119,21,22,66,31,2,2,20
feccbd0c-0420-4775-b5b7-49b99559947e,60,50,10,2,39,9,1,0,1
