building_uuid,address,footprint_m2,covered_m2,coverage_frac,overlap_m2,overlap_frac_of_accepts,n_accepts,n_rejects,n_labels
0f911051-6084-4f0d-8f9a-24fc5b20f6ff,"Villumstrupvej 7, 5853, rb k",258.45643509914487,0.0,0.0,0.0,0.0,0,12,12
2d80b27f-ca29-4b3e-9197-ad3c4af7cbfb,"Majsvej 79, 5800 Nyborg",86.53694899538255,0.0,0.0,0.0,0.0,0,8,8
37e9355f-29a7-4303-abae-240c55df13e4,"Humlebiv nget 50, 5260 Odense S",136.83379131868617,0.0,0.0,0.0,0.0,0,56,56
60fa343a-d19a-4d18-b939-33b80e790be6,"S husvej 28, 5270 Odense N",66.71875275471952,0.0,0.0,0.0,0.0,0,7,7
8ab161a4-c958-49c9-8ca8-7a997292d52f,"N sbyhave 48, 5270 Odense N",67.08959091690285,0.0,0.0,0.0,0.0,0,6,6
8e7e69b2-e1db-4482-8f21-93be6904a5f1,"Ta rnvej 1, 5492 Vissenbjerg",110.14179013085999,0.0,0.0,0.0,0.0,0,12,12
938d6ed6-d916-462b-ba37-f421feb2af21,"Bakkevej 2, 8783 Hornsyld",234.11510514465888,0.0,0.0,0.0,0.0,0,15,15
9829323a-4939-45bf-ae66-b950b18ddf52,"Tom Knudsensvej 45, 5953 Tranek r",69.48491101503157,0.0,0.0,0.0,0.0,0,6,6
98472f6b-45bc-4814-a4b8-914f8f6976dd,"Berildsvej 57, 5610 Assens",74.24079925971694,0.0,0.0,0.0,0.0,0,9,9
9dce7b8f-036f-42bb-9645-a1b5cc17fbd1,"K rneh jvej 48, 5260 Odense S",117.4900887951814,0.0,0.0,0.0,0.0,1,9,10
aa047931-2b45-497d-a093-f637a2934699,"Nellikevej 1, 5250 Odense SV",120.6301370839115,0.0,0.0,0.0,0.0,0,14,14
b4b6f3ed-7bfd-43a8-aeed-520b558bfa2b,"Lucernevej 23, 8700 Horsens",149.1013356347848,0.0,0.0,0.0,0.0,0,14,14
bb00df25-e7be-420e-8ad1-1f9be60a4c4a,"Ingridsvej 46, 6000 Kolding",125.46993818591883,0.0,0.0,0.0,0.0,1,10,11
bfd05652-9331-4260-886d-1b6779ee1bfa,"Christianslundsvej 107, 5800 Nyborg",148.43483831677494,0.0,0.0,0.0,0.0,1,38,39
c001b1ca-ea07-472d-b888-6ab457d4e7d9,"Hesteh jvej 56, 5260 Odense S",72.88782312021019,0.0,0.0,0.0,0.0,0,8,8
c2800052-b0e7-4c30-a881-f813cb0b2043,"Kikkenborgvej 58, 6000 Kolding",71.04571041393369,0.0,0.0,0.0,0.0,0,15,15
d7f1aa19-5ca9-4e1b-ac1a-c86d63f9ede7,"A sumvej 279, st, tv, 5240 Odense N ",52.59653753812608,0.0,0.0,0.0,0.0,0,6,6
e4fe9821-2270-4d23-bc74-703743b5d282,"Hj llundvej 24, 7361 Ejstrupholm",178.32177853949133,0.0,0.0,0.0,0.0,0,10,10
e93694c4-b9a9-4184-ab47-4d0d0a8504b2,"Kjeld Abellsvej 3, 7100 Vejle",68.20225763346485,0.0,0.0,0.0,0.0,1,8,9
f16973df-10b9-4369-9f0d-dd295a34d970," stervang 5, 7160 T rring",115.95405753810407,0.0,0.0,0.0,0.0,0,12,12
9c80d7ae-2804-4b2f-83bb-544927398846,"Vantingevej 27, 5750 Ringe",247.81759639209014,1.3578207586066158,0.005479113583437027,0.24108059578571228,0.15077890522979537,6,46,52
c3ddcac0-827d-48dc-9223-4b219d874fa5,"Tingvallavej 51, 5210 Odense NV",96.58236086893154,0.975597824607483,0.010101200838644147,0.0,0.0,2,36,38
795ceae3-b6ef-42bc-bd48-9b69f06e9de6,"Hedeskovvej 18, 8520 Lystrup",137.6143249938056,4.785759308989263,0.03477660708072857,0.0,0.0,3,19,22
feccbd0c-0420-4775-b5b7-49b99559947e,"Morelvej 68, 5250 Odense SV",96.9637497699424,4.204176662516622,0.04335823101408014,0.0,0.0,1,23,24
964a40ac-d9df-44e1-b64b-84e02b909004,"Morelvej 24, 5250 Odense SV",88.00651760101213,4.969098540000001,0.05646284701921728,0.0,0.0,2,10,12
9419424d-2dd9-4dd2-a9d9-e029e32c1f28,"N sby Skovv nge 18, 5270 Odense N",87.49267649015859,5.735710587707677,0.06555646504142373,0.0,0.0,2,87,89
05cecad4-119e-4dd2-beaf-d4af36973644,"Majsvej 11, 5800 Nyborg",72.36208978422353,4.85605017,0.06710765518906726,0.0,0.0,1,6,7
4fe068d2-f39e-47ed-8c15-35b6396862bf,"Stadionsvej 33, 8700 Horsens",96.94702186862692,7.1836443730614015,0.0740986596039636,2.7179212621515276,0.2744940913673073,4,40,44
9bb4ada4-60fb-4ab0-8e05-de49acc92623,"Rugstedvej 12, 7100 Vejle",116.02993590806084,10.122099503846291,0.08723696539716082,0.0,0.0,1,7,8
e721a943-1c4f-4bd6-b8a3-f9558de79921,"B gevej 5, 8723 L sning",76.23704311653202,6.663646097302722,0.08740693270484029,0.0,0.0,1,8,9
3ee81b85-a21f-4f55-a100-5995f36f84f9,"Toftega rdsvej 11, 5471 S nders ",108.40020039758791,9.561818266522973,0.08820849252540441,0.0,0.0,1,8,9
a6cb04fa-e84a-4641-a667-b4dd05dd7d41,"Antilopevej 4, 7100 Vejle",101.66214382650881,10.847738406396639,0.10670381321988262,0.0,0.0,2,9,11
d39db17d-0f12-472b-b4ae-0e6e5ce702e1,"Ejlskovvej 17, 5471 S nders ",177.99885827001555,19.978434411149234,0.11223911549389226,0.0,0.0,2,36,38
0a5032e9-85a0-4970-9143-c430bbdaa0f5,"H P, Simonsens Alle, 85, 5250 Odense SV",124.95878729975277,16.426401706924878,0.13145455443258272,0.0,0.0,1,31,32
ed5231c3-375e-426e-b341-62f6d2b0b3f5," sterga rdsvej 2, 7080 B rkop",108.43825161814202,14.964181414168843,0.13799725826329437,3.552713678800501e-15,2.3741450203461257e-16,2,22,24
121ff4c2-ec13-46b8-b557-b31775259e5d,"Valn ddevej 57, 5270 Odense N",78.67120742774924,11.124809243285672,0.1414089043123251,1.7763568394002505e-15,1.5967526278910017e-16,4,12,16
107e8496-9bff-42bb-b776-720f44b70e55,"Serridslevvej 75, 8700 Horsens",96.48791887015874,13.678873248312675,0.14176773018309138,3.064798676355451e-05,2.2405294310054864e-06,2,7,9
e9f0631f-ae34-4d30-af21-d3369327755f,"S vangsvej 16, 5300 Kerteminde",227.9447139354303,33.610430158471885,0.14744992142258093,1.5305995717085352e-05,4.55394015329746e-07,12,342,354
1825a812-09d0-4407-9265-182a07053cfc,"Morelvej 7, 5250 Odense SV",145.34227332193248,23.07505607156527,0.1587635554623129,0.0,0.0,1,11,12
945b16b9-0ebf-409e-af08-aab7672801d2,"Mads Hansensgade 29, 5690 Tommerup",92.64966893453241,15.501064550347255,0.16730836417020042,0.0,0.0,3,7,10
a4d6eef3-6107-45a3-bd37-3cf2ef4e9efb,"Skovvej 32, 5462 Morud",133.116513657988,23.340339662254607,0.17533767239594475,0.0,0.0,2,20,22
56108837-05d5-4fe4-bfd5-aec6b649d825,"Lotusvej 37, 5250 Odense SV",71.5470734625285,13.577980780097498,0.18977688566407572,0.0,0.0,2,14,16
5a97cb51-78cd-40c7-9dd5-423bdea306a6,"N rre Landevej 23, 6470 Sydals",153.0676330027575,32.13995628386894,0.20997225640308909,5.3332163530076855,0.1423209186125695,9,45,54
fa45599d-b1aa-4d6d-b4b4-2c823108398f,"Vestergade 61, 5560 Aarup",178.14691916444195,39.707152720436795,0.22288992089604615,0.5390509872406426,0.01339383438885224,4,26,30
99ce0ab2-eaac-406c-9fa2-707d7dbe30c5,"Pilevej 30, 5792 A rslev",179.25710072145492,43.935411589869354,0.24509718952857534,2.1163986545502667e-05,4.817065684563049e-07,5,0,5
cb711a0b-6e8d-4ae6-b008-af3297446dcc,"Kastanievej 6, 5400 Bogense",128.6123276424688,32.349358979426995,0.2515261139612948,0.0,0.0,1,25,26
0d3f2993-8386-4130-8f1c-b2938c410828,"Ladega rdsgade 19, 5610 Assens",156.10578587189178,44.35760891919164,0.2841509600137032,1.3901618352463174e-05,3.133986329389444e-07,51,183,234
71ee522c-1e78-411f-b3ce-33d59516038f,"Reventlowsvej 90, 5600 Faaborg",149.45766524068313,52.500923450247925,0.35127621835722955,30.825480664693416,0.36993652842828084,7,33,40
73465f84-d5f5-4b84-8509-0e818beb5ecd,"Grejsdalen 6, 5800 Nyborg",128.8332218534394,46.50064594662989,0.36093676209952275,7.105427357601002e-15,1.5280276677782287e-16,8,18,26
d8308bfc-c2c1-42bd-8503-282571708b8c,"Nyga rdsvej 17, 7100 Vejle",154.13206356224472,61.35799861663367,0.39808718055510134,1.1904050680300315e-05,1.9400972390210322e-07,15,49,64
6203a969-742b-4935-bc4d-8eae644b8f73,"Skovstrupvej 63, 5690 Tommerup",166.4460207373834,66.49833829360666,0.3995189431324824,0.0001895349141278757,2.8502121823903807e-06,12,50,62
517846b1-d1f1-4faa-8407-e80dcdbcc003,"Slagstrupv nget 6, 5471 S nders ",195.60604461550415,78.42159178350398,0.4009159938674417,0.00033754806727870346,4.3042560946382205e-06,23,95,118
38158927-652c-4d01-9aa3-770956648d85,"Fundersvej 3, 7100 Vejle",79.3914807925572,33.66429020227622,0.4240289999154693,6.514440659799448e-05,1.935115225796641e-06,8,18,26
19459014-f39b-4bf6-945e-c5b50930dea3,"Langagergyden 5, 5792 A rslev",131.20982925744312,56.92900419012588,0.4338775876190425,0.0001115698993174874,1.959803833732302e-06,12,20,32
c7898e89-b45b-47f3-96b7-8c1fa96ef9fd,"Skovvej 13, 5300 Kerteminde",56.15767355437304,26.008968934230367,0.46314185200439145,0.15427449742416144,0.005896612085851212,11,42,53
97571caa-1065-4ac5-a385-2ec9758026dd,"Jupitervej 11, 7100 Vejle",153.15904058346223,73.17737675973014,0.47778685790247544,0.00013303745134862766,1.8180100924089077e-06,10,20,30
f932e0d3-b002-4f89-97e7-ec54d4703506,"Strandgade 28, 5683 Haarby",62.19976593792087,30.711352002187766,0.4937534979285863,3.1829776688141465e-05,1.0364162312677355e-06,6,24,30
fb279aa5-092f-4146-83ff-b557415e7ba4,"Hedemarken 14, 5600 Faaborg",155.9281875050177,87.94100507567926,0.5639840139413496,0.0,0.0,7,48,55
5fdc8f48-e5d6-4951-915d-52ebf282eedb,"Lindevej 12, 5800 Nyborg",103.18272415533319,63.756900498146635,0.6179028613565757,0.6560925205407528,0.010185717039268901,42,82,124
bc2779a4-d0a2-4ba8-abbf-10129d3f82de,"Nr, Bjertvej 154, 6000 Kolding",123.64206299952349,80.76004184862836,0.6531761108591306,109.95683889662669,0.5765448683249942,32,93,125
992198d7-4dfe-4ecd-9fa0-b66fa6cac3fd,"Kirseb rhaven 51, 5560 Aarup",130.4661033849793,90.13991494871834,0.6909067766263666,0.01907570179322704,0.00021157847548639125,12,13,25
3c74f488-a562-4bc4-9d7a-3f707fe85133,"Skovm rkevej 5, st,  5220 Odense S ",107.46929479426234,74.5996984090938,0.6941489525162177,0.00024880327005405434,3.3351668379306683e-06,36,180,216
0b75d30e-c50c-4fc6-88ff-fce983078aa4," sterbrogade 63, 5600 Faaborg",66.64611429290008,47.923044218532745,0.719067341389445,7.105427357601002e-15,1.4826744572401763e-16,7,17,24
9bdb3966-1a42-44b8-a033-07cdcab74bbb,"Fasterholtvej 16, 7361 Ejstrupholm",108.61178397936649,78.439554471978,0.7222011424366213,9.513908743278222,0.10816980247831741,28,80,108
bb013161-a5cf-4dfc-9b88-d2c851f92aee,"Berildsvej 42, 5610 Assens",139.18868439351027,101.97717149174386,0.7326541804464285,0.014961299187717714,0.00014669071798298512,16,32,48
72122129-7ee2-4a14-a645-23d44df3d2b5,"Degnemarken 5, 5750 Ringe",60.91875078271765,46.58277955009989,0.7646706301685228,0.3177897419777054,0.006775818434071463,22,39,61
dd4ba0e6-c9e0-444f-b815-9ad921cd3b87,"Gammel Sving 13, 7100 Vejle",135.4332137752987,104.00986660458035,0.7679790186264518,0.00026165951152279376,2.515711843546762e-06,8,14,22
cf982769-994b-4193-a621-91d46d1a3344,"M llerled 28, 5400 Bogense",89.69730969705478,69.32246028337032,0.7728488236436654,1.763336497675823,0.024805749918048153,21,46,67
2f382701-addb-48a5-8749-0e8e7f988a10,"Vesterballe 14, 5600 Faaborg",111.86663520149722,88.9166788493932,0.7948453861085037,94.67810634814798,0.5156906076949727,33,85,118
d683f65d-ad08-4f69-ab23-dbd7ec1bcaed,"Lundsga rds Have 31, 5210 Odense NV",271.31272964625487,218.3191141411084,0.804677002902735,0.0004607765246760209,2.110559828864916e-06,18,22,40
873952bc-1159-43dd-b4bd-6535a55c57cf,"Kirkestr de 17, 5400 Bogense",54.99748090038171,45.23967856064893,0.8225772857231893,0.7856103923563182,0.017069102882949338,38,98,136
9bc73438-328e-440e-a4be-25efa61d3b7c,"Byvej 2, 5800 Nyborg",105.27697547481446,87.39117018309096,0.8301071510550534,0.0,0.0,6,21,27
21af2a12-2a29-44b5-b703-fbaa208996e9,"Tangvej 20, 7120 Vejle, st",76.10466496545965,64.70644507740622,0.8502296818043079,3.327758852612348,0.04891302698324143,39,100,139
146ecf8b-ffa1-4239-ba58-040b61861fd9,"Mesterr kken 44, 5350 Rynkeby",75.54858820847612,64.42581259580942,0.8527732168604736,0.00015102286133128473,2.344130422715448e-06,14,34,48
3297bc28-5d39-4358-bd2e-0f1183cae489,"Sophie Breums V nge 2, 5000 Odense C",53.37438572251051,45.531929393488944,0.8530670428734503,7.617823500538634e-05,1.6730700536655947e-06,23,123,146
a443b86f-c86a-47a7-abef-0a56893c99b0,"Skovv nget 36, 5874 Hesselager",101.90895925398682,87.69916192106113,0.8605638067845367,12.150520570664767,0.12168812426290516,36,119,155
1900be91-8684-4316-98e2-c4fef6e6296f,"Skovsga rdevej 11, 6000 Kolding",160.12063311198628,139.94594212096894,0.8740031774861431,15.429008966602254,0.09930177843085067,37,66,103
dfb88995-ff0a-4025-878b-b544364f8e92,"Svendborgvej 51, 5750 Ringe",64.84801051501003,57.11612896300866,0.8807691787211929,1.8772918721765564e-06,3.2867980455916305e-08,11,13,24
e7452ac7-517e-4321-9201-d52bf7f0cae9,"M lleh jv nget 47, 5792 A rslev",156.20581381065347,137.77116995630297,0.8819849056534077,11.616770941521366,0.07776244100898877,18,20,38
8c0ef0cf-51a7-4ac0-8bbf-735f88a799cc,"Ny Sebberupvej 13, 8723 L sning",231.37455721282325,204.1889976317692,0.8825041097494217,4.592671073904228,0.021997482357412668,73,521,594
7dbc53a6-17e8-4806-83de-42286b95726c,"Gultvedgyden 6, 5772 Kv rndrup",176.62466872426577,157.85609106587768,0.8937375068049622,274.2910529013586,0.6347168012804322,26,129,155
2388d90c-8cc9-4cca-b232-d658e184074d,"Vestergade 32, 5672 Broby",180.3481689515112,163.58253721932888,0.9070374164059855,32.16800025043443,0.16433160626904167,25,38,63
5831141f-829c-4adb-9bae-289c2140c72d,"Mads Hansens Vej 3, 5000 Odense C",53.45538307412242,48.59717176324475,0.9091165186461919,4.473615482826673,0.08429525384811083,38,145,183
e0155eef-34a5-4642-bca6-39b83ee42af1,"Bj rnevej 4, 7000 Fredericia",74.87872649231431,68.1817989931222,0.9105630155197751,61.80400338356334,0.4754673376132392,16,78,94
a430ffa9-a314-4352-8b54-dfbd04634861,"Odensevej 50, 5853, rb k",90.23160537374089,83.01682421571819,0.9200415294825028,0.2984569211785697,0.003582259065874963,12,34,46
466d0aa8-7021-4825-8f7b-b954c824c13a,"Vester D rkenvej 10, 7323 Give",109.19816721433334,101.21358305184171,0.9268798701829899,0.3305115948044204,0.0032548578620404957,29,31,60
a317a543-06cf-4f1b-97d2-139c26c1cb13,"K rbygade 9, 5320 Agedrup",211.3596567039333,196.71835446293605,0.9307280184434328,276.7385147075047,0.5845062828899015,77,293,370
b8def755-9829-4141-8ecb-3e71ef446d0d,"H C, Andersens Gade 2, 5000 Odense C",44.64629690346217,41.88299311160215,0.9381067639756313,4.475584088308423,0.0965427404945693,26,101,127
9c42b8bc-b55c-427b-b695-9d073c5f8a75,"Skolevej 62, 5690 Tommerup",143.24883906146647,136.9159841471632,0.9557912304504895,0.00022843309727704764,1.668415251722946e-06,48,152,200
d28b528a-475b-4ac0-a38d-ee992cd877db,"Egensega rdsvej 4, 5450 Otterup",215.94092315421375,208.63647816317823,0.9661738734634423,18.740468960164407,0.08242026818135821,140,822,962
fe829d59-c9f1-4194-a40b-39600a4f27b6,"R jrupvej 13B, 5550 Langeskov",65.19335635662722,63.05580130777897,0.9672120723903954,0.6234647504841746,0.009790702517107177,21,36,57
016980bc-6762-4022-bfbf-17df4112e10c,"Rouseh jvej 5, 5250 Odense SV",52.114203988974594,50.64089339664176,0.9717291932033628,1.2665704687719881e-05,2.501081768190823e-07,20,24,44
670a8030-c451-4e80-badd-6702cef02a03,"Teglv rksvej 15, 7100 Vejle",54.16092346050424,52.742300486664945,0.9738072602311924,0.00010286862274710984,1.950396952034169e-06,9,15,24
f332f739-1779-496c-a207-7b1c93daa8bb,"Fjelstrup Landevej 24, 6100 Haderslev",91.33687038045893,89.35422347913867,0.9782930278532465,3.1800403825039467,0.034366085056436485,36,205,241
a1ac389f-7406-4ddf-a270-d9a5e72dbf51,"Gerthasminde 22, 5000 Odense C",35.23612883752864,34.59648784817463,0.9818470129819497,1.4434861515794353,0.040052363844360304,13,61,74
720c2f50-9586-47b5-b27c-130214cd8b5d,"Lodskovvej 2, 5863 Ferritslev Fyn",109.27303541121574,107.40287704818269,0.9828854542568962,102.68687249425119,0.4887762145363999,48,201,249
59b505e7-b384-451b-90b1-80f2654dd10d,"Sundeved 6, 6000 Kolding",78.24193779110777,76.92308068397497,0.9831438593628149,4.593644216637557,0.05635216849349942,100,421,521
893d4535-3169-4907-a93a-b3ab8f66ec1c,"H jager Alle, 16, 5863 Ferritslev Fyn",130.00156075006598,127.88866094825391,0.9837471197297838,0.007184521458242443,5.617478372230517e-05,26,109,135
b65126ae-ccca-4032-876f-e9c1c059862c,"Skovgade 2, 5500 Middelfart",57.94200310635353,57.01308020906839,0.9839680568933717,1.3606033887540434,0.023308506588828656,32,94,126
6c29deb7-51e6-437d-bfe4-0eb83e559881,"Lykkesha bs Alle, 16, 5250 Odense SV",62.827548277856756,61.83331621758883,0.9841752211009269,1.7422537478101248,0.027404453452141247,22,75,97
5ecc6e8c-228b-4167-9331-de247c802320,"Dyrehavevej 149, 6000 Kolding",80.46509358946903,79.29390898423758,0.985444811495444,3.214784891270028e-05,4.054262968106094e-07,21,51,72
b8cefbc4-bb4e-4d53-be56-990780166cae,"Brydevej 14, 5700 Svendborg",69.04272118229541,68.11870888585878,0.9866168036164604,0.6171336576519764,0.008978338444914268,19,84,103
ad0ee87f-5986-4d5e-9aa9-3bf1a5acf789,"Rolighedsvej 39, 5900 Rudk bing",62.2270835652492,61.41955635694168,0.98702289803666,1.2859442840009194,0.020507679084875715,18,33,51
16784bad-2cd9-4f4c-bb26-60355981cfe2,"Bottrupvej 5, 8723 L sning",77.12076891456681,76.15299343590493,0.9874511692209142,6.682150782439578,0.08066806481106797,73,242,315
e9dddee6-297a-43f5-b862-90091889ea39,"Strandvejen 7, 5450 Otterup",60.67080607976884,59.9231665995987,0.9876771131211418,3.388706607749434,0.053524030108086144,26,43,69
e496ca55-bafb-4b8b-b3f1-5f6fb5ae8c7e,"Nymarksgyden 67, 5474 Veflinge",135.20580528927823,133.69051155360305,0.9887926873226105,0.00014400559788896317,1.0771552977028717e-06,18,18,36
3e378d10-6d7f-451c-b5e8-705731e6f37e,"Hvesager 27, 7300 Jelling",75.99948574835629,75.20709961176347,0.989573796075193,3.2370816596358765,0.04126605195146721,52,170,222
c87c1e25-ff00-44ec-b823-b0966c81af70,"B gevej 5, 7100 Vejle",55.00357242331547,54.45029888399091,0.9899411344582042,1.351648293830074,0.024222242451913928,26,60,86
60f2f02b-8910-461c-879a-75925d256989,"Clausens Alle, 50, 5250 Odense SV",90.99966525963279,90.1013792004378,0.9901286883129508,15.266287753032799,0.1448858857221756,38,88,126
777b25c6-42e6-40d3-a0a4-aaafdd23842e,"Hemmerslev 14, 5471 S nders ",54.05678675656065,53.55390510361608,0.9906971597255818,5.65569138117894e-05,1.0560733894962756e-06,23,44,67
3a034c99-8986-4749-aedb-0a5a04ea803f,"K rparken 5, 5450 Otterup",53.27309668546806,52.79181139678343,0.9909656971599341,9.354021120344669e-05,1.771866563918915e-06,7,7,14
0fe789ce-e653-4828-863c-0f6ce7fee21d,"Reventlowsvej 50, 5600 Faaborg",66.83778080451273,66.24088671712136,0.9910695106838275,0.789873715475224,0.011783749884047475,36,60,96
29865ccb-e7e8-4ad6-a01c-d632f20761b7,"Viggov nget 5, 5250 Odense SV",60.01515880653231,59.524471292305805,0.9918239404179815,4.520009962494001,0.07057610388803406,23,23,46
117d172e-00d6-436e-8df2-050f25977602,"A l kkehaven 41, 5000 Odense C",69.18312470653271,68.6768541090182,0.9926821663568672,7.379542427088381e-05,1.0745300717813595e-06,44,68,112
a8aca518-ee19-4cef-8df9-1b574c2d43d1,"Skyttegade 3, 5300 Kerteminde",53.879586728497664,53.51916188493163,0.9933105492181624,0.5048456183308971,0.009344838372096135,15,44,59
c72ad855-9e52-46f1-886d-a9f37911521f,"Bjergga rdsmarken 4, 7140 Stouby",71.9109247864592,71.44680030413033,0.9935458418354778,0.3971555860575364,0.0055280305926441635,20,31,51
53c380e7-407e-48f7-8c72-b449e2334798,"Lupinvej 7, 5560 Aarup",113.31029596833478,112.5924520746388,0.9936647955284083,0.00026411540373771913,2.3457592344777e-06,10,10,20
f46b4d89-ae67-405c-af8b-eb7396b06ef8,"Kancellivej 15, 5200 Odense V",58.56278812072251,58.193249926952525,0.9936898804577369,0.7107811519091101,0.012066765871379927,24,44,68
5c557e06-393e-466e-a957-f7391b76b8ff," bel v nget 16, 5000 Odense C",83.12442384173222,82.61500521238811,0.9938716131095954,0.0001772821206458275,2.1458782186629075e-06,7,7,14
7cabc39b-6328-4a6e-9491-822fa6b3c3fb,"Oensh j 3, 8700 Horsens",193.13521098502412,192.05135516451324,0.9943880982914353,0.00035326590997897256,1.8394312285274685e-06,26,67,93
66a72e63-8b3c-4e57-977b-32f5119a9d09,"Torpvej 2, 5260 Odense S",78.475836410615,78.03664462532164,0.9944034774857914,0.00046049999974684397,5.901038986611786e-06,27,81,108
7153d532-16c1-45e8-b7c9-f5cd1ba5cc85,"Engdalen 8, 5210 Odense NV",129.53245009122847,128.82352166342986,0.9945270206245669,0.00010762053085500156,8.354098658234351e-07,43,145,188
e5adc187-70eb-4828-aa90-5fe3c46dfbce,"Rostrupvej 99, 5471 S nders ",93.66096491186583,93.2025568246109,0.9951056655492895,4.26064371544004,0.043715409424598124,35,168,203
49762ea7-8131-4141-ad52-e8012b46f630,"Drudvangen 14, 5492 Vissenbjerg",94.97752729203488,94.57452852975761,0.9957569040406987,0.4116008384179395,0.004333273091090324,32,32,64
3a576e1b-4b3e-4f5d-8c20-b39b157fcf03,"Kirkegyden 2, 5642 Millinge",71.22064909868314,70.95482155107672,0.9962675494962411,59.445972382108806,0.45587124578833166,42,136,178
74e87bcd-3989-4d5c-8f16-f7782dc3afbd,"Kirkel kken 10, 5750 Ringe",130.96813288800618,130.49794993242662,0.9964099438144879,2.6107411863721097,0.019613604223949872,57,227,284
b53c11aa-8db7-4aad-a24d-3ffa9eeff5de,"Vesterskovvej 13, 5550 Langeskov",122.25431645265067,121.92994009922444,0.9973467083793981,57.602745293926006,0.32084823533823037,10,20,30
019e1376-9762-42d6-8520-b664b8c752df,"Kielshusvej 18, 5250 Odense SV",98.90907589440545,98.65890305126788,0.9974706785916729,99.76593503158935,0.5027895499147622,24,24,48
38f71f1d-2c71-4fcd-9997-83b2914416b0,"Birkemosevej 62, 5471 S nders ",109.12350454649622,108.86959156116936,0.9976731595417312,1.7633218628282634,0.01593849251777706,37,37,74
7e330c34-f1bb-4f5f-b651-73b5333e0cc4,"Ska rupvej 8, 5683 Haarby",67.5389434073206,67.38242254166947,0.9976825094122783,0.00016982457829328723,2.520303424514031e-06,27,27,54
d32d5562-5763-4c71-a816-6732c638fa6a,"Amagervej 7, 5462 Morud",73.37968926320427,73.21495452395102,0.99775503629264,2.2608681236490185,0.029954865602526942,26,62,88
90683bb0-28ca-42a8-82b8-09d82cd434d5,"Ny Havnegade 1B, 8700 Horsens",37.743717705979364,37.67199936406152,0.9980998601548337,0.7266516180236167,0.018923884028182018,11,17,28
513a4b03-cfb1-4221-99ff-d9b7d1e1d3f6,"Sn de Bygade 48, 5953 Tranek r",60.2925870998868,60.18872184555594,0.9982773130275735,0.00012176744716896337,2.0230899924227307e-06,13,13,26
e028bcc5-73ee-45f9-924b-d7badbc66caf,"Firehusevej 1, 7100 Vejle",188.55262041286852,188.28489890574212,0.998580123116082,24.342193666249187,0.11448302928756553,28,74,102
70f8e0fd-c931-42d6-bf9d-f10e59571b29,"Niels Juels Alle, 16, 5250 Odense SV",98.12679663665706,98.09491749640709,0.9996751229904303,21.60386503097645,0.18048525285571826,26,45,71
287808db-3826-4351-b9a1-6f9831bdc870,"Gr nvej 99, 5260 Odense S",56.93918910635313,56.92962825882358,0.9998320866931966,43.6536768407696,0.43400519397871884,40,69,109
8b723372-749f-4992-a044-d62bb99b84cc,"Ugletoften 221, 5260 Odense S",50.63968485312974,50.63619499829986,0.9999310845863278,6.566330878143845e-05,1.2967645699640496e-06,17,17,34
a492a5d6-ab9f-4b1e-bbfe-4762c1370a40,"Syrenvej 8, 8722 Hedensted",78.83547803763176,78.8300849270135,0.9999315903099404,44.858361135874546,0.36267220232572733,13,33,46
bad532ea-75de-411a-a390-77f4d6a93ff8,"H C, Andersens Gade 64, 5000 Odense C",44.861401022093254,44.859499918966634,0.9999576227428634,88.49084729407664,0.6635966770502805,12,32,44
c9a43a7c-7171-484c-ac98-54f9ba59b6e6,"Lombjergevej 9, 5750 Ringe",99.85428423823035,99.85368311874697,0.9999939800331257,84.43118954056769,0.45815583407464305,18,26,44
52f91e67-3891-4729-8bf3-be2c0a6a0d04,"Vinkelgade 23, 5450 Otterup",104.470020137753,104.46989439482681,0.9999987963731028,3.199106440453349,0.02971241876152983,17,49,66
