uuid,committed_oblique_strong,committed_oblique_weak,committed_oblique_none,committed_flat_strong,committed_flat_weak,committed_flat_none,candidate_oblique_strong,candidate_oblique_weak,candidate_oblique_none,candidate_minus_committed_weak
016980bc-6762-4022-bfbf-17df4112e10c,0,1,0,0,0,7,2,0,0,-1
019e1376-9762-42d6-8520-b664b8c752df,2,0,0,0,0,9,2,0,0,0
0430ebc2-236b-4b5d-991f-3e97ad246b78,0,0,0,0,0,9,0,0,0,0
05cecad4-119e-4dd2-beaf-d4af36973644,0,0,0,0,0,8,0,0,0,0
0a5032e9-85a0-4970-9143-c430bbdaa0f5,2,0,0,0,0,9,2,0,0,0
0b75d30e-c50c-4fc6-88ff-fce983078aa4,0,2,0,0,0,7,1,2,0,0
0ce3ac3a-93ce-4ac0-9704-3cf7d31a636d,0,0,0,0,0,9,0,0,0,0
0d3f2993-8386-4130-8f1c-b2938c410828,1,1,1,0,0,12,4,0,0,-1
0f911051-6084-4f0d-8f9a-24fc5b20f6ff,0,0,0,0,0,14,0,0,0,0
0fe789ce-e653-4828-863c-0f6ce7fee21d,1,1,0,0,0,6,2,0,0,-1
107e8496-9bff-42bb-b776-720f44b70e55,1,0,0,0,0,9,1,0,0,0
10d27382-8fce-456b-897d-3d5194ff5de5,0,0,0,0,0,9,0,0,0,0
117d172e-00d6-436e-8df2-050f25977602,2,0,0,0,0,3,2,0,0,0
121ff4c2-ec13-46b8-b557-b31775259e5d,0,0,0,0,0,8,0,0,0,0
146ecf8b-ffa1-4239-ba58-040b61861fd9,1,3,0,0,0,6,4,0,0,-3
16784bad-2cd9-4f4c-bb26-60355981cfe2,2,2,0,0,0,0,4,0,0,-2
1825a812-09d0-4407-9265-182a07053cfc,0,0,0,0,0,11,0,0,0,0
1900be91-8684-4316-98e2-c4fef6e6296f,2,0,0,0,0,9,3,0,0,0
191e11c0-fd47-489c-9e3d-c8072713a761,0,0,0,0,0,7,0,0,0,0
193c3c70-2271-4c42-ab2c-586e1d64d4cb,0,0,0,0,0,6,0,0,0,0
19459014-f39b-4bf6-945e-c5b50930dea3,2,0,0,0,0,7,2,0,0,0
19bf6498-09eb-4c62-8fc8-8623942351ba,0,0,0,0,0,10,0,0,0,0
1a453338-ca2e-49d0-9bd2-da33c07fd348,0,0,0,0,0,11,0,0,0,0
1d26eda3-c927-4cdf-a3b0-218036828a55,2,1,0,0,0,11,3,0,0,-1
1f03f6e0-dfe6-4b25-bb45-f44ad146c0a3,1,1,0,0,0,27,3,4,0,3
21af2a12-2a29-44b5-b703-fbaa208996e9,2,1,0,0,0,4,2,1,0,0
2388d90c-8cc9-4cca-b232-d658e184074d,1,1,0,0,0,12,2,0,0,-1
23cbb422-ada0-454d-8f91-30888256960d,0,0,0,0,0,11,0,0,0,0
24e8aaa7-ec15-4a72-be5f-c67b95a53411,0,0,0,0,0,10,0,0,0,0
287808db-3826-4351-b9a1-6f9831bdc870,1,1,0,0,0,8,1,1,0,0
294c5209-06ff-47ae-841b-e7e973b3699e,0,0,0,0,0,10,0,0,0,0
29865ccb-e7e8-4ad6-a01c-d632f20761b7,2,0,0,0,0,10,2,0,0,0
29a9cb5c-e7e7-4a01-b8ed-b2a2dd0edd2a,0,0,0,0,0,9,0,0,0,0
2d80b27f-ca29-4b3e-9197-ad3c4af7cbfb,0,0,0,0,0,9,0,0,0,0
2de0ff98-b554-446b-a501-b9fab4577f5a,0,0,0,0,0,9,0,0,0,0
2df1d2ed-54c9-41e9-9ed8-c4110e3868e0,0,0,0,0,0,11,0,0,0,0
2ea3b759-e047-424c-8034-f8ee5b811fb4,0,0,0,0,0,10,0,0,0,0
2f382701-addb-48a5-8749-0e8e7f988a10,2,0,0,0,0,13,2,0,0,0
3297bc28-5d39-4358-bd2e-0f1183cae489,0,2,0,0,0,12,1,1,0,-1
36f034dc-17ec-4e9d-9ec0-e8b0139201c8,0,0,0,0,0,11,0,0,0,0
37e9355f-29a7-4303-abae-240c55df13e4,0,0,0,0,0,11,0,0,0,0
38158927-652c-4d01-9aa3-770956648d85,1,1,0,0,0,8,2,0,0,-1
38f71f1d-2c71-4fcd-9997-83b2914416b0,2,0,0,0,0,5,2,0,0,0
3a034c99-8986-4749-aedb-0a5a04ea803f,1,1,0,0,0,3,2,0,0,-1
3a576e1b-4b3e-4f5d-8c20-b39b157fcf03,2,0,0,0,0,9,2,0,0,0
3c74f488-a562-4bc4-9d7a-3f707fe85133,1,1,0,0,0,14,2,0,0,-1
3e378d10-6d7f-451c-b5e8-705731e6f37e,2,0,0,0,0,3,2,0,0,0
3ee81b85-a21f-4f55-a100-5995f36f84f9,1,0,0,0,0,8,1,0,0,0
43674d8e-302d-4915-878f-f50d2d9f8d1b,0,0,0,0,0,10,0,0,0,0
45b933f5-4f12-488c-b77a-065cf3c2d719,0,0,0,0,0,10,0,0,0,0
466d0aa8-7021-4825-8f7b-b954c824c13a,2,0,0,0,0,5,2,0,0,0
46ea557e-3151-43d2-b72b-f212290516cc,0,0,0,0,0,10,0,0,0,0
494a97c4-ab7e-4021-9345-c46fecfd1d67,0,0,0,0,0,15,0,0,0,0
4fe068d2-f39e-47ed-8c15-35b6396862bf,0,0,0,0,0,12,0,0,0,0
513a4b03-cfb1-4221-99ff-d9b7d1e1d3f6,2,0,0,0,0,3,2,0,0,0
52f91e67-3891-4729-8bf3-be2c0a6a0d04,2,0,0,0,0,8,2,0,0,0
53ba9e35-1aeb-43e2-87d2-27be83b949f5,0,0,0,0,0,9,0,0,0,0
53c380e7-407e-48f7-8c72-b449e2334798,2,0,0,0,0,8,2,0,0,0
56108837-05d5-4fe4-bfd5-aec6b649d825,1,0,0,0,0,7,1,0,0,0
573ee2ba-67b9-4bb0-b4ba-47015d09377c,0,0,0,0,0,6,0,0,0,0
5831141f-829c-4adb-9bae-289c2140c72d,2,0,0,0,0,5,2,0,0,0
59b505e7-b384-451b-90b1-80f2654dd10d,0,3,1,0,0,8,1,3,0,0
5a97cb51-78cd-40c7-9dd5-423bdea306a6,1,1,0,0,0,9,2,0,0,-1
5c557e06-393e-466e-a957-f7391b76b8ff,3,0,0,0,0,6,3,0,0,0
5ecc6e8c-228b-4167-9331-de247c802320,2,0,0,0,0,5,2,0,0,0
60f2f02b-8910-461c-879a-75925d256989,2,1,0,0,0,10,3,0,0,-1
60fa343a-d19a-4d18-b939-33b80e790be6,0,0,0,0,0,8,0,0,0,0
612d1bc8-dbed-47cb-aef5-3e64964ccc04,0,0,0,0,0,11,0,0,0,0
6203a969-742b-4935-bc4d-8eae644b8f73,0,2,0,0,0,13,2,0,0,-2
66a72e63-8b3c-4e57-977b-32f5119a9d09,1,1,0,0,0,9,1,1,0,0
670a8030-c451-4e80-badd-6702cef02a03,1,1,0,0,0,5,2,0,0,-1
6c29deb7-51e6-437d-bfe4-0eb83e559881,2,0,0,0,0,4,2,0,0,0
6e8a252f-fc38-4ffa-8691-3f43938a0a16,0,0,0,0,0,9,0,0,0,0
7153d532-16c1-45e8-b7c9-f5cd1ba5cc85,1,2,1,0,0,16,4,0,0,-2
71ee522c-1e78-411f-b3ce-33d59516038f,1,1,0,0,0,9,2,0,0,-1
720c2f50-9586-47b5-b27c-130214cd8b5d,3,1,0,0,0,13,4,0,0,-1
72122129-7ee2-4a14-a645-23d44df3d2b5,1,1,0,0,0,9,2,0,0,-1
73465f84-d5f5-4b84-8509-0e818beb5ecd,1,0,0,0,0,9,1,0,0,0
73c1d779-2257-4e39-838a-5b026bca2401,0,0,0,0,0,13,0,0,0,0
777b25c6-42e6-40d3-a0a4-aaafdd23842e,2,0,0,0,0,4,2,0,0,0
7791ff1d-7641-4da1-8380-1773d30a7bcc,0,0,0,0,0,8,0,0,0,0
795ceae3-b6ef-42bc-bd48-9b69f06e9de6,1,0,0,0,0,11,1,0,0,0
7cabc39b-6328-4a6e-9491-822fa6b3c3fb,4,0,0,0,0,6,4,0,0,0
7dbc53a6-17e8-4806-83de-42286b95726c,0,2,0,0,0,12,0,2,0,0
7e42a701-1f0a-451a-8229-05f581454979,0,0,0,0,0,13,0,0,0,0
85b7d943-95c9-4937-af42-121f705ed3e0,0,0,0,0,0,8,0,0,0,0
873952bc-1159-43dd-b4bd-6535a55c57cf,1,1,0,0,0,6,2,0,0,-1
893d4535-3169-4907-a93a-b3ab8f66ec1c,3,0,0,0,0,11,3,0,0,0
8ab161a4-c958-49c9-8ca8-7a997292d52f,0,0,0,0,0,7,0,0,0,0
8b723372-749f-4992-a044-d62bb99b84cc,2,0,0,0,0,5,2,0,0,0
8e7e69b2-e1db-4482-8f21-93be6904a5f1,1,0,0,0,0,10,1,0,0,0
8fc0de5f-99be-4295-b529-d389a4670a8f,0,0,0,0,0,8,0,0,0,0
90683bb0-28ca-42a8-82b8-09d82cd434d5,1,1,0,0,0,4,1,1,0,0
91f66e67-37e3-4cc9-9815-a4ce71c56a0a,0,0,0,0,0,9,0,0,0,0
938d6ed6-d916-462b-ba37-f421feb2af21,0,0,0,0,0,23,0,0,0,0
940c5969-1037-4f02-810b-6d4c89b0582b,0,0,0,0,0,4,0,0,0,0
9419424d-2dd9-4dd2-a9d9-e029e32c1f28,1,0,0,0,0,12,1,0,0,0
945b16b9-0ebf-409e-af08-aab7672801d2,1,0,0,0,0,9,1,0,0,0
964a40ac-d9df-44e1-b64b-84e02b909004,0,0,0,0,0,9,0,0,0,0
97571caa-1065-4ac5-a385-2ec9758026dd,2,0,0,0,0,12,2,0,0,0
9829323a-4939-45bf-ae66-b950b18ddf52,0,0,0,0,0,7,0,0,0,0
98472f6b-45bc-4814-a4b8-914f8f6976dd,2,0,0,0,0,9,2,0,0,0
992198d7-4dfe-4ecd-9fa0-b66fa6cac3fd,2,0,0,0,0,6,2,0,0,0
9bb4ada4-60fb-4ab0-8e05-de49acc92623,1,0,0,0,0,9,1,0,0,0
9bc73438-328e-440e-a4be-25efa61d3b7c,1,0,0,0,0,8,1,0,0,0
9bdc330e-6144-499b-9c70-3fc6f0c4ebf3,0,0,0,0,0,14,0,0,0,0
9c07bf97-56cd-4d82-a99d-00809d1d8537,0,0,0,0,0,12,0,0,0,0
9c42b8bc-b55c-427b-b695-9d073c5f8a75,2,0,0,0,0,0,2,0,0,0
9c80d7ae-2804-4b2f-83bb-544927398846,0,0,0,0,0,17,0,0,0,0
9dce7b8f-036f-42bb-9645-a1b5cc17fbd1,1,0,0,0,0,9,1,0,0,0
a085ad69-b4d4-4296-bc5e-731a0cceec5e,0,0,0,0,0,11,0,0,0,0
a1ac389f-7406-4ddf-a270-d9a5e72dbf51,1,0,0,0,0,12,1,0,0,0
a317a543-06cf-4f1b-97d2-139c26c1cb13,2,0,0,0,0,10,2,0,0,0
a3997c27-0367-483e-a462-64847105997d,0,0,0,0,0,12,0,0,0,0
a430ffa9-a314-4352-8b54-dfbd04634861,1,1,0,0,0,9,2,0,0,-1
a443b86f-c86a-47a7-abef-0a56893c99b0,1,0,0,0,0,8,1,0,0,0
a492a5d6-ab9f-4b1e-bbfe-4762c1370a40,3,0,0,0,0,10,2,1,0,1
a4d6eef3-6107-45a3-bd37-3cf2ef4e9efb,0,1,0,0,0,10,1,0,0,-1
a8a3b04b-42d0-4468-8b3a-5e2135b9313b,0,0,0,0,0,6,0,0,0,0
a8aca518-ee19-4cef-8df9-1b574c2d43d1,1,1,0,0,0,14,2,0,0,-1
aa047931-2b45-497d-a093-f637a2934699,0,0,0,0,0,10,0,0,0,0
ad2243cf-dac2-4f43-aa8d-37d50dc46a33,0,0,0,0,0,10,0,0,0,0
b01824fc-be43-451f-bc6e-aaab701c144d,0,0,0,0,0,8,0,0,0,0
b4f7407a-5941-4165-947a-a726dc432c69,0,0,0,0,0,9,0,0,0,0
b53c11aa-8db7-4aad-a24d-3ffa9eeff5de,2,0,0,0,0,6,2,0,0,0
b65126ae-ccca-4032-876f-e9c1c059862c,1,3,0,0,0,9,3,1,0,-2
b8782b87-5800-42dd-8926-07d8f11cafc0,0,0,0,0,0,10,0,0,0,0
b8cefbc4-bb4e-4d53-be56-990780166cae,0,2,0,0,0,5,1,1,0,-1
b8def755-9829-4141-8ecb-3e71ef446d0d,1,1,0,0,0,5,2,0,0,-1
b8f923d9-dc6a-4cc2-b99c-b98bb7d01f57,0,0,0,0,0,2,0,0,0,0
b9575f6d-aa02-4540-ba49-d8e823a41067,0,0,0,0,0,11,0,0,0,0
bad532ea-75de-411a-a390-77f4d6a93ff8,2,0,0,0,0,9,2,0,0,0
bb00df25-e7be-420e-8ad1-1f9be60a4c4a,1,0,0,0,0,10,1,0,0,0
bc2779a4-d0a2-4ba8-abbf-10129d3f82de,1,1,0,0,0,15,1,1,0,0
bfd05652-9331-4260-886d-1b6779ee1bfa,1,0,0,0,0,10,1,0,0,0
c001b1ca-ea07-472d-b888-6ab457d4e7d9,0,0,0,0,0,9,0,0,0,0
c2800052-b0e7-4c30-a881-f813cb0b2043,0,0,0,0,0,16,0,0,0,0
c3ddcac0-827d-48dc-9223-4b219d874fa5,1,0,0,0,0,13,1,0,0,0
c72ad855-9e52-46f1-886d-a9f37911521f,2,0,0,0,0,8,2,0,0,0
c7898e89-b45b-47f3-96b7-8c1fa96ef9fd,0,2,0,0,0,6,1,1,0,-1
c7f2456f-91fe-4aaa-a9ba-d886ec8e0648,0,0,0,0,0,11,0,0,0,0
c814dd8d-190b-4da2-ae80-d41c71e2b797,0,0,0,0,0,7,0,0,0,0
c87c1e25-ff00-44ec-b823-b0966c81af70,1,1,0,0,0,8,2,0,0,-1
c9a43a7c-7171-484c-ac98-54f9ba59b6e6,2,0,0,0,0,10,2,0,0,0
cf982769-994b-4193-a621-91d46d1a3344,1,0,0,0,0,4,1,1,0,1
d28b528a-475b-4ac0-a38d-ee992cd877db,0,1,0,0,0,12,1,2,0,1
d32d5562-5763-4c71-a816-6732c638fa6a,2,0,0,0,0,2,2,0,0,0
d4665def-0566-4ccc-aa62-8d562ec6e424,0,0,0,0,0,7,0,0,0,0
d683f65d-ad08-4f69-ab23-dbd7ec1bcaed,1,1,0,0,0,15,2,0,0,-1
d7f1aa19-5ca9-4e1b-ac1a-c86d63f9ede7,0,0,0,0,0,7,0,0,0,0
d8308bfc-c2c1-42bd-8503-282571708b8c,1,1,0,0,0,13,3,0,0,-1
d904fdad-775d-4382-ba44-a4289889745e,0,0,0,0,0,11,0,0,0,0
d928da15-65c0-490c-84df-613a196930f0,0,0,0,0,0,8,0,0,0,0
d98923f0-3373-4d3c-ba03-c0df5d8b29d8,0,0,0,0,0,9,0,0,0,0
dd4ba0e6-c9e0-444f-b815-9ad921cd3b87,0,0,0,0,0,10,0,0,0,0
df1f5f4f-8801-4d5d-9c64-f0ea8e1ce027,0,0,0,0,0,9,0,0,0,0
dfb88995-ff0a-4025-878b-b544364f8e92,1,1,0,0,0,6,1,1,0,0
e0155eef-34a5-4642-bca6-39b83ee42af1,3,1,0,0,0,10,3,1,0,0
e01a968a-24dd-4ca3-b46f-5aff03b1779f,0,0,0,0,0,8,0,0,0,0
e028bcc5-73ee-45f9-924b-d7badbc66caf,1,2,0,0,0,6,2,1,0,-1
e0796748-79fd-40ae-be1f-e5977a9fe1e5,0,0,0,0,0,14,0,0,0,0
e496ca55-bafb-4b8b-b3f1-5f6fb5ae8c7e,1,1,0,0,0,11,2,0,0,-1
e4fe9821-2270-4d23-bc74-703743b5d282,0,0,0,0,0,12,0,0,0,0
e5adc187-70eb-4828-aa90-5fe3c46dfbce,2,1,0,0,0,6,3,0,0,-1
e721a943-1c4f-4bd6-b8a3-f9558de79921,1,0,0,0,0,8,1,0,0,0
e7452ac7-517e-4321-9201-d52bf7f0cae9,1,0,0,0,0,13,1,0,0,0
e93694c4-b9a9-4184-ab47-4d0d0a8504b2,1,0,0,0,0,7,1,0,0,0
e9a5d5e2-17c8-4879-89f2-f6a3af5cfd38,0,0,0,0,0,8,0,0,0,0
e9dddee6-297a-43f5-b862-90091889ea39,2,0,0,0,0,9,2,0,0,0
e9f0631f-ae34-4d30-af21-d3369327755f,1,2,0,0,0,16,5,0,0,-2
ebd94f02-abc2-476d-8bf9-9bdfbc2a58dd,0,0,0,0,0,8,0,0,0,0
ebded652-9e37-4267-992a-8b575c9e1016,0,0,0,0,0,9,0,0,0,0
ed5231c3-375e-426e-b341-62f6d2b0b3f5,1,0,0,0,0,9,1,0,0,0
ed646d77-0d2b-4d72-b20d-be6aac6aa669,0,0,0,0,0,14,0,0,0,0
ed89b2f2-38dd-455f-a3df-13d92cdc1f8b,0,0,0,0,0,8,0,0,0,0
eda4954e-036f-4e74-817f-23ce2d309aa3,0,0,0,0,0,8,0,0,0,0
ef522d94-2279-4b9e-bd8f-90bb37043910,0,0,0,0,0,8,0,0,0,0
f16973df-10b9-4369-9f0d-dd295a34d970,0,0,0,0,0,11,0,0,0,0
f40dcc9f-b97b-4bef-8b40-ba011aabf0bd,0,0,0,0,0,11,0,0,0,0
f46b4d89-ae67-405c-af8b-eb7396b06ef8,0,2,0,0,0,4,2,0,0,-2
f919a443-ea71-4391-9bcb-bff1cf08c45d,0,0,0,0,0,8,0,0,0,0
f932e0d3-b002-4f89-97e7-ec54d4703506,2,0,0,0,0,7,2,0,0,0
fb279aa5-092f-4146-83ff-b557415e7ba4,3,0,0,0,0,8,3,0,0,0
fc46b0be-a3aa-4a28-820c-a16691bcdd61,0,0,0,0,0,9,0,0,0,0
fd6ee1a7-7243-4c9b-ad7a-5d146b7f8706,0,0,0,0,0,9,0,0,0,0
fe829d59-c9f1-4194-a40b-39600a4f27b6,0,2,0,0,0,11,2,0,0,-2
feccbd0c-0420-4775-b5b7-49b99559947e,0,0,0,0,0,11,0,0,0,0
